id,Name,titleProject_id,class,score,login,password
0,Сербин Геннадий Михаилович,7,8в,2,Сербин_ГМ,KMeu5tFH
1,Папандина Клавдия Яковлевна,304,9в,5,Папандина_КЯ,MrHErG2G
2,Белагина Галина Андреевна,396,9а,4,Белагина_ГА,B4zVsMzy
3,Кижняева Анна Леонидовна,178,7и,2,Кижняева_АЛ,wItbtm9b
4,Цывин Олег Яковлевич,446,7т,2,Цывин_ОЯ,lkXKoE05
5,Жидняева Ксения Эдуардовна,373,7х,4,Жидняева_КЭ,pbB5Lpsp
6,Липковский Анатолий Иванович,144,10а,2,Липковский_АИ,hcB8NtJw
7,Меднова Наталья Богдановна,290,7и,5,Меднова_НБ,GKs4eAan
8,Житихин Вячеслав Романович,141,9а,5,Житихин_ВР,auOFcFlO
9,Шеврина Полина Максимовна,33,11а,5,Шеврина_ПМ,Xz3daM2j
10,Алпеев Валентин Данилович,323,8а,2,Алпеев_ВД,6KoCln7z
11,Золикова Клара Игоревна,364,10х,2,Золикова_КИ,O2Faw1em
12,Дориков Дмитрий Петрович,296,10г,5,Дориков_ДП,UysUEHrf
13,Корабышев Кирилл Михаилович,302,8и,5,Корабышев_КМ,dSnQ4uEr
14,Ростовиков Константин Николаевич,336,10а,2,Ростовиков_КН,qGB16bGv
15,Нехаев Дмитрий Фёдорович,129,7х,4,Нехаев_ДФ,dk7xI2Jj
16,Зызлова Мария Николаевна,430,8г,3,Зызлова_МН,e7Ne87uB
17,Королупов Валерий Тимофеевич,397,10д,5,Королупов_ВТ,IEIjqyma
18,Стенцов Евгений Яковлевич,315,8и,4,Стенцов_ЕЯ,THWFIWvj
19,Феклисов Константин Виталиевич,270,9т,None,Феклисов_КВ,QK3IHZwR
20,Синелев Руслан Тимофеевич,300,8и,2,Синелев_РТ,PONgTbMf
21,Опевалова Вера Евгеньевна,473,9д,5,Опевалова_ВЕ,Y0FUJWci
22,Назерова Вероника Василевна,206,7б,5,Назерова_ВВ,nGfIDmxD
23,Дименская Светлана Дмитриевна,387,9д,5,Дименская_СД,IR85xSA9
24,Ковторева Раиса Василевна,482,9и,2,Ковторева_РВ,I2Ci0ilK
25,Кулишнин Вячеслав Яковлевич,386,11х,5,Кулишнин_ВЯ,pYrUWLG0
26,Лексин Кирилл Антонович,139,7в,5,Лексин_КА,er41hss9
27,Лаковский Григорий Василиевич,240,7д,5,Лаковский_ГВ,7EKJeo10
28,Барамыкова Александра Алексеевна,106,10а,3,Барамыкова_АА,PCwcywWy
29,Плясулина Оксана Андреевна,346,8х,2,Плясулина_ОА,T4dBjw3f
30,Петрикеев Станислав Яковлевич,14,7и,4,Петрикеев_СЯ,z8CQsWkU
31,Моторыгин Илья Георгиевич,238,10и,5,Моторыгин_ИГ,GhDtf1Xu
32,Рыков Тарас Павлович,174,10и,5,Рыков_ТП,tGUyemPE
33,Иончикова Елизавета Егоровна,169,8д,5,Иончикова_ЕЕ,A8JSRSCy
34,Смолькина Алиса Егоровна,441,7г,5,Смолькина_АЕ,5qbmy1oY
35,Оболенин Герасим Павлович,472,7и,4,Оболенин_ГП,49fMjuZC
36,Трощинский Георгий Борисович,67,9д,3,Трощинский_ГБ,Yjm53S4z
37,Поддубская Лиза Игоревна,496,10а,4,Поддубская_ЛИ,c3oAbiyB
38,Телькова Валерия Олеговна,335,7х,4,Телькова_ВО,56ZfQTtL
39,Чигварина Александра Алексеевна,428,10б,2,Чигварина_АА,sM2dg3Fr
40,Киреевский Артур Игоревич,119,7в,3,Киреевский_АИ,DQdC3xlZ
41,Шумейкин Роман Павлович,420,8в,5,Шумейкин_РП,f9BYtRQk
42,Трушинов Максим Алексиевич,82,8и,4,Трушинов_МА,Aa1nMA5u
43,Голюков Денис Сергеевич,62,11б,4,Голюков_ДС,UQJ0cnyQ
44,Хлиманкова Надежда Валерьевна,461,10б,3,Хлиманкова_НВ,ARh2JNB1
45,Кулаженков Алексей Олегович,367,10в,2,Кулаженков_АО,P20VlANC
46,Бутукин Владимир Адамович,221,7х,5,Бутукин_ВА,MKDiN44F
47,Поддуев Леонид Олегович,149,9х,4,Поддуев_ЛО,ohF7HPX8
48,Ревцев Василий Павлович,360,9х,5,Ревцев_ВП,JrQaPdWn
49,Старокожев Артём Юрьевич,46,8д,3,Старокожев_АЮ,vQHSkAWM
50,Светошев Максим Михаилович,321,10х,2,Светошев_ММ,YlsOYbR3
51,Старынина Кристина Федоровна,266,9д,3,Старынина_КФ,F3KJiSff
52,Востров Дмитрий Денисович,282,9г,3,Востров_ДД,gQBic7wj
53,Бураханова Анастасия Леонидовна,16,8г,2,Бураханова_АЛ,Ki50WY2A
54,Понизов Виктор Кириллович,214,11и,5,Понизов_ВК,gv2eO6Tr
55,Суздалев Валерий Алексеевич,66,11т,5,Суздалев_ВА,uHZdphKE
56,Колендин Дмитрий Алексеевич,153,10в,4,Колендин_ДА,DYFAKfqA
57,Сулькова Екатерина Андреевна,325,8и,4,Сулькова_ЕА,uvjr0hdT
58,Аржевитова Надежда Федоровна,242,10в,2,Аржевитова_НФ,d8XRjfRS
59,Крассов Валерий Олегович,201,8х,5,Крассов_ВО,POqNxwiD
60,Сонураева Инна Андреевна,450,9т,3,Сонураева_ИА,OGRWooLK
61,Пашин Роман Вадимович,204,10д,2,Пашин_РВ,QVlFrHAj
62,Фичкина Евгения Федоровна,29,11д,3,Фичкина_ЕФ,S78pXVf5
63,Свилин Олег Виталиевич,123,8в,2,Свилин_ОВ,zw1fb3Ts
64,Рогоцкий Андрей Адамович,142,9в,2,Рогоцкий_АА,mmyzD9RO
65,Ахантьев Игорь Валериевич,80,10д,5,Ахантьев_ИВ,T5PE9yHj
66,Сочиникова Ксения Кирилловна,100,10д,2,Сочиникова_КК,gZULeisX
67,Остюков Артур Романович,329,11и,3,Остюков_АР,eWwvur77
68,Брюкина Оксана Викторовна,98,8в,5,Брюкина_ОВ,jrxmpGFx
69,Кузовенков Игорь Юрьевич,322,9г,None,Кузовенков_ИЮ,bbqlTLHv
70,Калухов Тарас Иванович,207,11а,3,Калухов_ТИ,wouL8i5D
71,Батыров Пётр Виталиевич,227,7и,3,Батыров_ПВ,yZUp3iWC
72,Озрина Катерина Валерьевна,147,10а,4,Озрина_КВ,nuMjuqEt
73,Декалова Полина Леонидовна,470,11д,5,Декалова_ПЛ,5thk7wBz
74,Лосицкий Владимир Кириллович,369,9т,5,Лосицкий_ВК,yfUc8muB
75,Магнусов Пётр Максимович,437,7и,5,Магнусов_ПМ,3DdCGYEo
76,Лавренков Михаил Василиевич,188,9б,2,Лавренков_МВ,gPbya4D3
77,Шушкалова Вероника Алексеевна,411,8т,5,Шушкалова_ВА,0vTPdcYk
78,Бороданова Маргарита Дмитриевна,118,7г,5,Бороданова_МД,3PgzUa0w
79,Циркина Виолетта Федоровна,231,9г,2,Циркина_ВФ,Z1XEShUq
80,Болохина Екатерина Андреевна,194,11д,3,Болохина_ЕА,DnJsULtm
81,Чукалова Дарья Валерьевна,20,10г,4,Чукалова_ДВ,g5dascQP
82,Беловолов Степан Петрович,222,9д,2,Беловолов_СП,za3xeqKT
83,Зудейкина Вероника Ивановна,166,8и,3,Зудейкина_ВИ,xFWuoCMH
84,Макунова Мария Борисовна,47,9в,5,Макунова_МБ,xArAeBC6
85,Верзанский Геннадий Андреевич,497,7д,5,Верзанский_ГА,O5elVqxL
86,Алтубин Ярослав Леонидович,414,10г,5,Алтубин_ЯЛ,CHEq5uFr
87,Аузин Игорь Алексиевич,435,8х,5,Аузин_ИА,zfHmDeHq
88,Калыгин Степан Тимофеевич,353,8и,2,Калыгин_СТ,6vwxnlru
89,Дурныгина Полина Игоревна,72,8и,2,Дурныгина_ПИ,eanGn005
90,Антюфеева Александра Вадимовна,347,8и,2,Антюфеева_АВ,vLqoYLte
91,Лощинский Борис Романович,210,10б,3,Лощинский_БР,kB12FeEq
92,Ходорков Евгений Виталиевич,344,9г,5,Ходорков_ЕВ,sioPNBkb
93,Кафорин Федор Данилович,427,10д,3,Кафорин_ФД,tbkJdxz3
94,Косынская Алиса Дмитриевна,40,9в,3,Косынская_АД,EMSxTnVz
95,Беремцев Артём Антонович,434,11т,2,Беремцев_АА,6N1hiep9
96,Влянская Мария Андреевна,490,7т,4,Влянская_МА,rAxDoz8s
97,Мыгеева Лиза Василевна,280,8в,5,Мыгеева_ЛВ,WjVi0tlZ
98,Акутникова Мария Алексеевна,173,11в,2,Акутникова_МА,ZOeHuW7i
99,Карябкин Константин Максимович,89,7и,2,Карябкин_КМ,uRJFHfkU
100,Прилепина Яна Максимовна,30,10в,5,Прилепина_ЯМ,t4LLdfco
101,Ведищев Никита Георгиевич,365,7и,5,Ведищев_НГ,0VymmMTH
102,Самчева Вероника Борисовна,287,10г,3,Самчева_ВБ,vGGiWRUp
103,Пирцхалова Карина Леонидовна,452,10г,5,Пирцхалова_КЛ,QwxjLTUq
104,Павлочев Денис Борисович,432,11д,5,Павлочев_ДБ,ZfyYp0Eo
105,Арашкова Екатерина Евгеньевна,356,8х,None,Арашкова_ЕЕ,lmG2KRgB
106,Байсарова Людмила Василевна,215,11и,2,Байсарова_ЛВ,9wSaDVbh
107,Кудекина Зинаида Игоревна,250,10и,3,Кудекина_ЗИ,ahIxjpLn
108,Дерналов Виталий Викторович,1,9г,4,Дерналов_ВВ,RLb6s4Xj
109,Сазинова Галина Романовна,61,9и,3,Сазинова_ГР,vC2UPVBe
110,Остаченова Марина Эдуардовна,229,9т,5,Остаченова_МЭ,l9D2nXsK
111,Битюкова Яна Егоровна,488,9и,4,Битюкова_ЯЕ,HIodPQIX
112,Иваницкий Константин Борисович,232,8д,5,Иваницкий_КБ,jr9wktuI
113,Белянский Владислав Игоревич,74,11б,5,Белянский_ВИ,Qai7ywYw
114,Баранкин Артём Алексеевич,382,9т,2,Баранкин_АА,mBaoIRI0
115,Шкабанова Софья Вадимовна,499,9х,4,Шкабанова_СВ,pRfg0VMq
116,Полозлов Денис Адамович,155,8т,3,Полозлов_ДА,TZCbGGDR
117,Жунина Светлана Михайловна,162,8в,3,Жунина_СМ,jNeXxuOx
118,Пантыкин Борис Игоревич,245,9х,2,Пантыкин_БИ,es60afq2
119,Доутова Марина Богдановна,189,11х,2,Доутова_МБ,r3u5DBtE
120,Трещалова Яна Андреевна,330,8б,3,Трещалова_ЯА,F3cqEBnq
121,Ивашечкин Александр Данилович,390,10т,4,Ивашечкин_АД,NwyBbyTt
122,Мазьянова Инна Богдановна,416,11в,4,Мазьянова_ИБ,levHRygr
123,Корогев Николай Евгеньевич,184,8б,5,Корогев_НЕ,922lbd2h
124,Заидова Галина Максимовна,88,9т,4,Заидова_ГМ,lQr8w0SR
125,Рамхин Кирилл Алексиевич,459,9х,4,Рамхин_КА,Tm8Yu10U
126,Кизбабаев Эдуард Фёдорович,415,11т,2,Кизбабаев_ЭФ,eldpEjaO
127,Соурчаков Ярослав Валериевич,268,8б,2,Соурчаков_ЯВ,CtESaLmg
128,Мотяшева Алена Михайловна,404,7т,2,Мотяшева_АМ,I7x5QnGj
129,Горшкова Наталия Яковлевна,340,11а,2,Горшкова_НЯ,rFSTZTqb
130,Зябрицкий Игорь Виталиевич,332,7а,5,Зябрицкий_ИВ,N3PMnyOd
131,Шельдяев Игорь Юриевич,97,7д,5,Шельдяев_ИЮ,4uFFOHUJ
132,Шмелькин Максим Викторович,483,9т,5,Шмелькин_МВ,AnedIwdf
133,Жалкин Алексей Алексеевич,43,7а,3,Жалкин_АА,3SRTWKbt
134,Худасов Денис Максимович,70,10д,2,Худасов_ДМ,GgzwsJue
135,Швичкова Наталья Эдуардовна,398,7г,4,Швичкова_НЭ,wpoAE69c
136,Едская Жанна Валерьевна,436,11в,4,Едская_ЖВ,VAxKeJcq
137,Поморзина Полина Евгеньевна,122,7д,4,Поморзина_ПЕ,jgiC8a5B
138,Будачева Кира Олеговна,55,11х,4,Будачева_КО,HyZUUQDX
139,Молкаев Василий Валериевич,216,8д,2,Молкаев_ВВ,H9R93Paa
140,Яцынин Константин Тимофеевич,285,7г,2,Яцынин_КТ,B4bdluxu
141,Маховиков Василий Петрович,391,7х,4,Маховиков_ВП,YJlOsvmJ
142,Шаметова Евгения Вадимовна,463,7а,2,Шаметова_ЕВ,stykpmWm
143,Законнова Жанна Евгеньевна,442,11и,None,Законнова_ЖЕ,LakaLGGE
144,Перчихин Аркадий Тимофеевич,164,10т,3,Перчихин_АТ,6MUItlKv
145,Бурдасова Ксения Игоревна,203,9а,3,Бурдасова_КИ,jDo2lXxz
146,Киссин Степан Иванович,251,7х,5,Киссин_СИ,EB7tQvft
147,Вапилина Мария Егоровна,77,7д,2,Вапилина_МЕ,U88kCSKk
148,Сигутина Дарья Федоровна,458,7б,2,Сигутина_ДФ,dxngtyfQ
149,Сошьяков Альберт Фёдорович,17,7т,4,Сошьяков_АФ,3CJvFtup
150,Лугахина Клара Вадимовна,419,8в,4,Лугахина_КВ,PXU75xOw
151,Логецкий Анатолий Виталиевич,372,11б,4,Логецкий_АВ,vsDeQ2Vb
152,Ковайкова Юлия Егоровна,75,10г,2,Ковайкова_ЮЕ,TcyI5Ihd
153,Вермутский Валерий Петрович,447,9и,5,Вермутский_ВП,mz0SfI5V
154,Россомахов Олег Юриевич,56,8в,2,Россомахов_ОЮ,qHSTRZo7
155,Циплакова Екатерина Егоровна,471,9б,5,Циплакова_ЕЕ,Q40scngm
156,Квятцева Алла Никитична,138,11в,2,Квятцева_АН,IXUA0cHU
157,Выхухолева Лариса Василевна,384,8б,5,Выхухолева_ЛВ,nUuWeDwY
158,Целохов Андрей Вадимович,433,8и,5,Целохов_АВ,OsYQ9Gkp
159,Бендин Иван Яковлевич,71,8и,4,Бендин_ИЯ,rb2xIqXi
160,Лазученков Василий Алексеевич,381,7х,2,Лазученков_ВА,ahfwFVq4
161,Скоропухов Михаил Василиевич,69,10и,3,Скоропухов_МВ,41IDoZbs
162,Мухонкин Тарас Романович,126,9и,4,Мухонкин_ТР,GmW5FzR2
163,Камерцев Владимир Кириллович,303,7а,3,Камерцев_ВК,jMtsPjOJ
164,Сандрыкина Анна Олеговна,324,10т,2,Сандрыкина_АО,vrHmGwmL
165,Недбайлов Алексей Денисович,15,7т,2,Недбайлов_АД,Bdq2TbVf
166,Серпков Ярослав Георгиевич,380,10б,4,Серпков_ЯГ,hArck9nn
167,Хатшуклов Аркадий Николаевич,42,11т,4,Хатшуклов_АН,pjiuqesE
168,Литвалиева Алиса Егоровна,10,11и,3,Литвалиева_АЕ,kiY7W1nG
169,Енесина Лиза Валерьевна,293,9б,5,Енесина_ЛВ,tCFNzFF0
170,Пикальков Эдуард Алексиевич,21,8д,5,Пикальков_ЭА,iWv1jSlL
171,Сачинский Валентин Кириллович,125,10т,2,Сачинский_ВК,SPzSnZgL
172,Тарзанова Евгения Аркадьевна,96,9д,2,Тарзанова_ЕА,QPem3Sry
173,Лапундин Юрий Игоревич,267,8и,5,Лапундин_ЮИ,jV0pxFxG
174,Личева Лиза Михайловна,453,9б,3,Личева_ЛМ,IIZvstWy
175,Смароверов Яков Борисович,131,11в,4,Смароверов_ЯБ,YX6ptloK
176,Вереина Алла Василевна,295,10и,3,Вереина_АВ,6mbPGAgO
177,Погиблева Дарья Леонидовна,283,9в,5,Погиблева_ДЛ,aFX33RlJ
178,Байнова Анастасия Вадимовна,363,7б,3,Байнова_АВ,u5XOWZkd
179,Шиловский Вячеслав Максимович,438,9и,4,Шиловский_ВМ,1UkaLHcJ
180,Сыждиков Пётр Василиевич,494,11х,5,Сыждиков_ПВ,xnGAglrW
181,Каценова Алёна Эдуардовна,165,11т,2,Каценова_АЭ,6wqJNzA5
182,Мужицких Ева Олеговна,348,8х,3,Мужицких_ЕО,LiwgycAJ
183,Плеснецов Степан Юрьевич,22,10а,2,Плеснецов_СЮ,Nv7XgHuf
184,Игумнова Алёна Сергеевна,114,9д,4,Игумнова_АС,gfk7iNTl
185,Хадаров Владимир Валериевич,278,11т,5,Хадаров_ВВ,k0ARvMKt
186,Ступакова Кира Ивановна,421,8и,3,Ступакова_КИ,aYQHwseR
187,Шоленинов Федор Максимович,286,11т,4,Шоленинов_ФМ,wK8I0xoR
188,Гундаров Руслан Николаевич,158,9д,4,Гундаров_РН,DjhWCsJp
189,Гречишева Марина Андреевна,464,7д,2,Гречишева_МА,N9Kznqns
190,Утилова Алена Андреевна,253,11д,3,Утилова_АА,AAwLjgy6
191,Роткичева Алиса Максимовна,410,10а,4,Роткичева_АМ,7Er8xKNm
192,Колтышева Марина Вадимовна,87,11г,4,Колтышева_МВ,Kp1HVpvF
193,Гурычева Лариса Валерьевна,489,9б,2,Гурычева_ЛВ,e1BYvWCx
194,Горцева Кристина Никитична,246,8и,4,Горцева_КН,1xMRZn3C
195,Кутурин Геннадий Денисович,197,9в,2,Кутурин_ГД,3zCaorYC
196,Стефанков Яков Евгеньевич,318,10г,3,Стефанков_ЯЕ,UjJ3USl9
197,Множина Людмила Василевна,90,8б,2,Множина_ЛВ,6pKuFUfw
198,Семисалов Георгий Иванович,316,9в,3,Семисалов_ГИ,WULEfHI2
199,Рогалов Альберт Валериевич,327,9б,2,Рогалов_АВ,DTq8QL6N
200,Черетаева Анастасия Олеговна,341,9б,2,Черетаева_АО,xb1HoJtH
201,Радоминова Любовь Игоревна,25,9и,5,Радоминова_ЛИ,BWQqeMAK
202,Шувырина Лиза Андреевна,395,9а,5,Шувырина_ЛА,YacPvvwO
203,Калиженков Семён Алексеевич,401,11а,4,Калиженков_СА,Y9boa4rc
204,Старокашин Константин Петрович,309,10а,3,Старокашин_КП,9j1IiMXp
205,Малтоцов Аркадий Яковлевич,218,8а,3,Малтоцов_АЯ,m95Tshpf
206,Кузеванова Ева Егоровна,116,7д,2,Кузеванова_ЕЕ,UQTeAAlA
207,Нурулина Алёна Егоровна,284,9х,2,Нурулина_АЕ,GLGT1One
208,Лератов Герасим Сергеевич,374,10а,4,Лератов_ГС,oyd2YAmi
209,Людин Руслан Аркадиевич,498,7и,3,Людин_РА,KuPfKyFd
210,Пурин Виктор Данилович,154,8и,5,Пурин_ВД,NFl91a8s
211,Лютов Виктор Юрьевич,288,11г,2,Лютов_ВЮ,M1NyTXFB
212,Марюшкина Яна Федоровна,345,10д,5,Марюшкина_ЯФ,8mgooQMi
213,Томилова Кристина Михайловна,492,11б,3,Томилова_КМ,VFLxHgT3
214,Дистерев Валерий Валериевич,24,7г,3,Дистерев_ВВ,Ye2D5ZF9
215,Дочкин Геннадий Алексиевич,52,11и,5,Дочкин_ГА,FqWH2EUU
216,Иняхин Руслан Сергеевич,234,7и,5,Иняхин_РС,nCkrsi4q
217,Знайкова Раиса Егоровна,148,11х,3,Знайкова_РЕ,UKI80d6G
218,Кашавцев Аркадий Леонидович,58,7а,4,Кашавцев_АЛ,J47jbcDe
219,Пятернина Кристина Андреевна,445,7и,2,Пятернина_КА,xeQpIMr0
220,Гусеева Карина Викторовна,263,9и,2,Гусеева_КВ,1ZKEwSdG
221,Кастева Яна Сергеевна,108,7и,2,Кастева_ЯС,hNjbhBOY
222,Гришанин Тарас Павлович,113,10т,2,Гришанин_ТП,vicXHjOu
223,Грамоткин Илья Викторович,195,8д,5,Грамоткин_ИВ,GlF46aqm
224,Мелисин Геннадий Василиевич,465,10г,2,Мелисин_ГВ,3z2YCHOK
225,Цинина Светлана Яковлевна,105,11г,5,Цинина_СЯ,gLfrqbdi
226,Петов Георгий Адамович,57,9а,2,Петов_ГА,tjW8fU1C
227,Реева Валентина Максимовна,146,11и,5,Реева_ВМ,fTgtJPV2
228,Слесивых Мария Аркадьевна,35,7и,5,Слесивых_МА,UREWYRzW
229,Афтаева Полина Ивановна,193,10д,5,Афтаева_ПИ,cLpzmzuV
230,Кривицкий Валентин Виталиевич,208,8х,5,Кривицкий_ВВ,r3Tohdtk
231,Чубатов Константин Леонидович,279,11а,4,Чубатов_КЛ,WX8hPCSL
232,Партенков Геннадий Павлович,418,8х,3,Партенков_ГП,umk9r9QG
233,Черушев Григорий Борисович,84,7г,4,Черушев_ГБ,YA68p7nK
234,Тютекин Георгий Тимофеевич,262,7а,2,Тютекин_ГТ,PBIhPD8V
235,Янкевский Вячеслав Адамович,167,11г,4,Янкевский_ВА,RvxHtiLK
236,Сухручкина Клавдия Аркадьевна,177,7в,4,Сухручкина_КА,1lXu4tU9
237,Конофалова Клара Петровна,95,11д,5,Конофалова_КП,ElO7cxih
238,Лигасов Михаил Павлович,491,11г,4,Лигасов_МП,3uFbaKSA
239,Писарьков Альберт Игоревич,313,8в,4,Писарьков_АИ,YUAmXn4B
240,Варов Кирилл Иванович,28,8а,5,Варов_КИ,4jV006br
241,Пурынов Евгений Петрович,244,9и,3,Пурынов_ЕП,P9aQFb7q
242,Супрутская Вероника Викторовна,187,9а,2,Супрутская_ВВ,DbKbzu9N
243,Скроцкая Алина Федоровна,127,8г,3,Скроцкая_АФ,pp4KjCRJ
244,Барадулин Вадим Юрьевич,281,11х,3,Барадулин_ВЮ,JIP3xcUY
245,Точилин Дмитрий Фёдорович,476,8а,2,Точилин_ДФ,2jA4mxR3
246,Бикмуллин Руслан Валериевич,333,11т,2,Бикмуллин_РВ,DVfvSXgJ
247,Серпичев Василий Алексиевич,394,10х,5,Серпичев_ВА,PzjL46p9
248,Вострышев Яков Аркадиевич,343,8г,5,Вострышев_ЯА,89EUyTQB
249,Грушчева София Евгеньевна,480,11в,None,Грушчева_СЕ,hMq7OX7y
250,Кулапов Александр Юрьевич,109,9б,5,Кулапов_АЮ,qAaQrCxP
251,Чибисенков Владислав Фёдорович,375,8х,3,Чибисенков_ВФ,C8INoMh7
252,Утилов Роман Василиевич,254,9х,2,Утилов_РВ,lxcu3pRW
253,Татаурова Галина Федоровна,145,10т,4,Татаурова_ГФ,tdFcXcLN
254,Визавитина Наталия Леонидовна,101,10г,2,Визавитина_НЛ,tJcWr8HA
255,Мягченков Артём Денисович,115,7б,4,Мягченков_АД,cgTRYQcF
256,Брикова Инна Богдановна,256,9б,4,Брикова_ИБ,Gkm1ez6U
257,Наторкин Валентин Данилович,319,7и,2,Наторкин_ВД,knlJde5M
258,Эштрекова Софья Алексеевна,76,9в,3,Эштрекова_СА,KAIFAl7d
259,Кутаманова Кира Андреевна,182,10т,2,Кутаманова_КА,TFG8yWnN
260,Кыштымова Евгения Эдуардовна,255,8в,5,Кыштымова_ЕЭ,0L1KCzOU
261,Ккнязева Клавдия Дмитриевна,34,7б,5,Ккнязева_КД,Oat1ECBC
262,Глаголина Алиса Никитична,249,9д,2,Глаголина_АН,qlPMfuCG
263,Рисина Раиса Валерьевна,451,10а,4,Рисина_РВ,MCEge9I6
264,Ребров Алексей Георгиевич,289,8и,3,Ребров_АГ,lhy25r6i
265,Вырысалова Александра Евгеньевна,39,11и,2,Вырысалова_АЕ,jB6bCqTA
266,Гомольский Владимир Юриевич,314,11х,5,Гомольский_ВЮ,AB2EbjXv
267,Швинова Марина Федоровна,271,8г,5,Швинова_МФ,S6eO1br6
268,Рудковская Инна Дмитриевна,6,7т,3,Рудковская_ИД,DLPnmPxu
269,Решеткина Дарья Василевна,408,10и,3,Решеткина_ДВ,bEVN93FO
270,Евстихеев Игорь Василиевич,422,10х,5,Евстихеев_ИВ,sH2edqTV
271,Лазарина Алёна Федоровна,161,8б,3,Лазарина_АФ,3T1O40Rv
272,Гляченков Григорий Николаевич,431,10а,5,Гляченков_ГН,t7VLBblc
273,Чардынцева Алина Вадимовна,135,10д,3,Чардынцева_АВ,EQEwsyCM
274,Скаредов Яков Иванович,337,9т,5,Скаредов_ЯИ,RQqqsckK
275,Юрицкий Эдуард Денисович,192,7д,3,Юрицкий_ЭД,zJj9weEo
276,Кравчина Светлана Аркадьевна,413,11г,5,Кравчина_СА,lq2DcOFs
277,Чмареткова Полина Вадимовна,449,10а,2,Чмареткова_ПВ,OndFbROi
278,Углова Галина Романовна,260,9г,3,Углова_ГР,Iwr3D0a5
279,Згуровская Виктория Андреевна,220,9т,4,Згуровская_ВА,qeWdE7Ny
280,Секерский Станислав Сергеевич,235,10а,4,Секерский_СС,moPb6hra
281,Жевайкин Евгений Адамович,86,11г,3,Жевайкин_ЕА,BuXNIcrE
282,Коточигов Семён Игоревич,26,9д,5,Коточигов_СИ,awyTNVJE
283,Калонин Альберт Денисович,297,8б,2,Калонин_АД,uuIH7oY1
284,Валягин Григорий Антонович,94,10в,4,Валягин_ГА,1PbpY7Wj
285,Коцева Кристина Николаевна,412,9г,3,Коцева_КН,KqfS4XXe
286,Голина Кристина Максимовна,3,7х,3,Голина_КМ,dcgz6voj
287,Батрамеев Анатолий Романович,354,9х,3,Батрамеев_АР,8KqY3RLq
288,Чикмарев Валентин Валериевич,306,9и,5,Чикмарев_ВВ,LPBh1zSq
289,Киницына Валерия Олеговна,202,7х,4,Киницына_ВО,W6ZyAxM1
290,Числин Юрий Денисович,121,7в,2,Числин_ЮД,TQgBbkXV
291,Стебунова Юлия Романовна,358,9т,3,Стебунова_ЮР,bYTxcjQF
292,Кацов Павел Павлович,236,10г,5,Кацов_ПП,NfwA9bkI
293,Гоцев Тарас Викторович,41,8в,3,Гоцев_ТВ,vsBwhOOV
294,Мотовицкий Роман Аркадиевич,31,11и,5,Мотовицкий_РА,VbkrfP1M
295,Чурзина Клара Егоровна,308,10б,3,Чурзина_КЕ,8gCD53vD
296,Щепалкина Валерия Сергеевна,134,9б,4,Щепалкина_ВС,BO2SMnOT
297,Утимишев Ярослав Игоревич,239,11а,3,Утимишев_ЯИ,gsj99VED
298,Алуханов Кирилл Фёдорович,298,7т,2,Алуханов_КФ,uyOop5Qu
299,Полунеев Валентин Валериевич,307,8и,2,Полунеев_ВВ,nlEcMi0e
300,Крупенова Наталия Андреевна,209,7в,5,Крупенова_НА,PRWNorqy
301,Корнюшин Илья Юрьевич,44,10т,3,Корнюшин_ИЮ,JwfNoIWA
302,Паушева Виолетта Никитична,310,8г,4,Паушева_ВН,AqTtgLYZ
303,Берзин Герасим Антонович,349,11т,5,Берзин_ГА,YfqRfyEz
304,Шулунова Алла Алексеевна,54,7д,4,Шулунова_АА,dmQdI6ih
305,Трепашова София Яковлевна,399,11а,2,Трепашова_СЯ,lYVAAlsY
306,Чумейкин Константин Антонович,8,8б,5,Чумейкин_КА,6i7Xm7H9
307,Польшиков Денис Игоревич,495,9и,2,Польшиков_ДИ,IwSPAikG
308,Медоусова Жанна Романовна,252,7б,2,Медоусова_ЖР,F9Rmk51M
309,Акуратова Клавдия Андреевна,92,9г,5,Акуратова_КА,T6pWEQjc
310,Курмеева Елизавета Валерьевна,486,8а,5,Курмеева_ЕВ,dkKoHHwf
311,Бадов Александр Аркадиевич,217,10г,3,Бадов_АА,74GcCqku
312,Бакушин Эдуард Адамович,265,7б,5,Бакушин_ЭА,FUaFD51g
313,Чебина Инна Сергеевна,273,10т,2,Чебина_ИС,lGX9gjlu
314,Подледнова Наталья Ивановна,112,11и,3,Подледнова_НИ,nImpufP5
315,Садгеева Лиза Евгеньевна,460,11г,3,Садгеева_ЛЕ,ig4LkDme
316,Акушин Борис Павлович,493,9т,2,Акушин_БП,6U3ehGFv
317,Аришев Руслан Кириллович,379,10т,3,Аришев_РК,C6wjkjDs
318,Гуслова Кристина Олеговна,389,9в,2,Гуслова_КО,ctkPauES
319,Глоточкина Оксана Аркадьевна,370,9и,5,Глоточкина_ОА,fZYQfFgj
320,Шапина Маргарита Романовна,163,8б,5,Шапина_МР,vzLuoGYJ
321,Дурылин Георгий Валериевич,261,11т,4,Дурылин_ГВ,smJhgQg3
322,Болкисева Анна Викторовна,248,7х,4,Болкисева_АВ,8RB2qNUa
323,Багапов Вячеслав Сергеевич,99,7д,4,Багапов_ВС,VuRwELoA
324,Люцарева Яна Аркадьевна,376,11б,2,Люцарева_ЯА,HQoFp7jb
325,Боготынина София Егоровна,63,11б,5,Боготынина_СЕ,yGF7nKgV
326,Саюшкин Игорь Алексиевич,211,11х,5,Саюшкин_ИА,HDQQEWmC
327,Потешных Тамара Николаевна,468,11в,3,Потешных_ТН,xHhx2DLA
328,Незлина Жанна Василевна,426,8б,5,Незлина_ЖВ,HhRjaxAs
329,Федичева Вероника Кирилловна,37,7х,4,Федичева_ВК,px5dGZiW
330,Пустынкин Вадим Антонович,388,10в,5,Пустынкин_ВА,vFNVyzAD
331,Аринакова Ирина Михайловна,150,8в,5,Аринакова_ИМ,KPUOUwWH
332,Обиралкова Мария Егоровна,294,11т,5,Обиралкова_МЕ,KD1RyUlQ
333,Аристарова Валентина Максимовна,443,11г,2,Аристарова_ВМ,XGZMNj6l
334,Яуров Герасим Юрьевич,38,9а,5,Яуров_ГЮ,heF3yuJs
335,Духонькин Вячеслав Фёдорович,2,9в,4,Духонькин_ВФ,cYDsbx1c
336,Гвасков Евгений Михаилович,402,9в,5,Гвасков_ЕМ,U7IzHrdL
337,Жабынина Галина Николаевна,185,7х,5,Жабынина_ГН,GSTcsE0n
338,Шерюкова Виолетта Романовна,440,9б,4,Шерюкова_ВР,IG02DDxT
339,Колокатов Пётр Евгеньевич,484,10в,3,Колокатов_ПЕ,6PJysDt3
340,Шайдуков Андрей Михаилович,317,9и,4,Шайдуков_АМ,nwF34SVY
341,Смирнягина Дарья Игоревна,425,10в,4,Смирнягина_ДИ,ZQojQ9e0
342,Штырева Ева Олеговна,258,11и,2,Штырева_ЕО,wsGMVoDV
343,Ашукин Вячеслав Михаилович,191,10т,4,Ашукин_ВМ,7VSAGafX
344,Рубченкова Галина Алексеевна,190,9в,3,Рубченкова_ГА,XJURZZqa
345,Зархин Иван Алексиевич,478,11и,5,Зархин_ИА,qAmYol94
346,Адиотов Дмитрий Павлович,156,7б,3,Адиотов_ДП,vNGKNoTP
347,Тищенкова Раиса Валерьевна,79,7д,3,Тищенкова_РВ,mXdAeoKv
348,Лозеев Илья Петрович,205,10д,2,Лозеев_ИП,PdIIxxRL
349,Кобяшов Герасим Михаилович,305,11т,2,Кобяшов_ГМ,Su342Rct
350,Ронова Клавдия Валерьевна,107,7и,4,Ронова_КВ,L7gY3DhN
351,Стрижнов Алексей Евгеньевич,385,11г,3,Стрижнов_АЕ,po6PEWnS
352,Волынский Алексей Виталиевич,362,11т,5,Волынский_АВ,PWvQmNsz
353,Машонский Василий Данилович,23,9д,5,Машонский_ВД,XFtV5pWX
354,Буриева Зинаида Аркадьевна,104,11д,4,Буриева_ЗА,k6BcqfUW
355,Борщина Алёна Ивановна,377,11а,5,Борщина_АИ,2YBihEbN
356,Белчков Олег Иванович,275,10а,4,Белчков_ОИ,CCiG4kA3
357,Остропиков Альберт Данилович,157,8г,2,Остропиков_АД,zXN2grar
358,Оргонова Любовь Максимовна,264,7б,4,Оргонова_ЛМ,ciofih4s
359,Мальков Юрий Евгеньевич,228,7г,3,Мальков_ЮЕ,gNdw3fDS
360,Свльхова Наталья Вадимовна,160,9т,5,Свльхова_НВ,1BtJf9Bs
361,Мякушков Герасим Леонидович,102,10т,3,Мякушков_ГЛ,HZb7tcWu
362,Межуев Георгий Юриевич,355,8г,4,Межуев_ГЮ,H7EhHH23
363,Чериншев Александр Сергеевич,439,8а,2,Чериншев_АС,aE72gQ5J
364,Муниров Алексей Андреевич,117,11г,3,Муниров_АА,vb3d84qR
365,Климухин Руслан Романович,269,10в,3,Климухин_РР,t036qhXA
366,Дембская Екатерина Никитична,64,11б,4,Дембская_ЕН,yGW8Kryy
367,Тюнеев Яков Фёдорович,417,10т,2,Тюнеев_ЯФ,AeA5LUNz
368,Трушитин Антон Данилович,168,9х,3,Трушитин_АД,jSx6K8RH
369,Балакишиев Роман Алексиевич,143,11х,5,Балакишиев_РА,hF4IsVcg
370,Немтюрева Валерия Аркадьевна,12,10г,4,Немтюрева_ВА,SENbrbNK
371,Складанова Клавдия Аркадьевна,257,9а,3,Складанова_КА,rVJ1vudg
372,Заходина Полина Леонидовна,93,10д,4,Заходина_ПЛ,aEPQaVFz
373,Муринов Анатолий Борисович,171,11б,5,Муринов_АБ,uoTqd5Xf
374,Гришалова Любовь Евгеньевна,301,8т,3,Гришалова_ЛЕ,XOT3Tucb
375,Ситчихин Станислав Георгиевич,247,8т,5,Ситчихин_СГ,K7VKJTuI
376,Просяных Георгий Василиевич,366,9в,2,Просяных_ГВ,tRtDKbJ5
377,Дзабиев Григорий Георгиевич,259,11д,5,Дзабиев_ГГ,NfWvSQHj
378,Рыбаулин Григорий Алексеевич,140,11а,5,Рыбаулин_ГА,H8Aqc5TW
379,Тупиева Екатерина Ивановна,400,7д,2,Тупиева_ЕИ,JHYSbjED
380,Куверчева Алена Ивановна,170,10д,3,Куверчева_АИ,9tUx01bS
381,Цаблинова Виктория Богдановна,342,9г,4,Цаблинова_ВБ,xwmjAgmn
382,Синенков Григорий Леонидович,230,9в,5,Синенков_ГЛ,FM3FyLBY
383,Лизункин Артур Олегович,4,11в,5,Лизункин_АО,7IqS6X1d
384,Славущева Александра Эдуардовна,81,8а,5,Славущева_АЭ,f3YXWS3u
385,Шахвердов Дмитрий Антонович,132,11б,2,Шахвердов_ДА,5ZvWQ7n2
386,Рапацкая Ольга Ивановна,223,10г,3,Рапацкая_ОИ,4kLRJTt3
387,Сторокожев Виталий Аркадиевич,159,9б,2,Сторокожев_ВА,pGV7BrQV
388,Половодов Кирилл Николаевич,18,8т,5,Половодов_КН,Z4YnOqdI
389,Халтанова Алена Дмитриевна,49,8б,3,Халтанова_АД,85G9UNzn
390,Заложнев Роман Фёдорович,448,8в,4,Заложнев_РФ,toUGGJP4
391,Рыжих Кристина Аркадьевна,213,7а,4,Рыжих_КА,ULgtDwtq
392,Буров Руслан Игоревич,405,11и,5,Буров_РИ,tjYo1yG3
393,Гачков Виталий Евгеньевич,277,9т,4,Гачков_ВЕ,DHwSpuvo
394,Кадилов Геннадий Борисович,225,10в,3,Кадилов_ГБ,q7y88r6T
395,Гликина Алёна Эдуардовна,454,9б,3,Гликина_АЭ,LFEMnlgw
396,Ичкинина Любовь Андреевна,299,8г,5,Ичкинина_ЛА,9znxPW3t
397,Мозшорина Кира Дмитриевна,65,8б,3,Мозшорина_КД,zIDK2rou
398,Брижеватов Константин Борисович,152,11т,2,Брижеватов_КБ,VbaSlpmM
399,Бучеров Тарас Викторович,429,10д,4,Бучеров_ТВ,FGHNXzBb
400,Мисютина Валерия Эдуардовна,368,9г,2,Мисютина_ВЭ,nLeSiftw
401,Льянов Федор Вадимович,328,8а,4,Льянов_ФВ,S2NAj0pC
402,Щуркин Георгий Яковлевич,180,8в,4,Щуркин_ГЯ,1zWJT5CM
403,Акулин Федор Адамович,241,10г,4,Акулин_ФА,cggGhNku
404,Волженкова Екатерина Ивановна,233,9д,4,Волженкова_ЕИ,rvnkI7Ji
405,Махометова София Викторовна,424,8и,3,Махометова_СВ,53XyZTIa
406,Зызлов Геннадий Антонович,274,7в,3,Зызлов_ГА,TN9HlxG6
407,Девляшова Кира Олеговна,51,11д,5,Девляшова_КО,epLOXL3d
408,Яковкина Алена Никитична,320,9т,5,Яковкина_АН,V5XddZC6
409,Бузулев Вадим Николаевич,331,10д,3,Бузулев_ВН,LuQZQ5za
410,Ганельский Юрий Юриевич,474,9д,3,Ганельский_ЮЮ,AksLgUX9
411,Шкапрова Ева Ивановна,371,7б,5,Шкапрова_ЕИ,DYXuhi1H
412,Чичирин Владимир Георгиевич,11,10а,4,Чичирин_ВГ,7OoXm877
413,Шилова Надежда Викторовна,124,9б,2,Шилова_НВ,ybAoDokg
414,Коваев Руслан Михаилович,487,9т,3,Коваев_РМ,QlH6WSlr
415,Саверина Надежда Андреевна,407,11б,4,Саверина_НА,w8Sumach
416,Тишанкин Олег Адамович,334,9д,3,Тишанкин_ОА,R6ro9ixg
417,Широпаев Валерий Сергеевич,406,9б,2,Широпаев_ВС,Nii1pNfU
418,Щепанин Олег Адамович,226,7а,3,Щепанин_ОА,LqWiUexI
419,Оплетин Владислав Аркадиевич,361,10х,4,Оплетин_ВА,FPFNQdPA
420,Оденова Карина Андреевна,409,8и,4,Оденова_КА,JM6q49cL
421,Семагин Альберт Андреевич,456,10х,4,Семагин_АА,elxZdRUE
422,Черданцева Анастасия Олеговна,128,8х,3,Черданцева_АО,DvccSTv9
423,Лонцова Елизавета Эдуардовна,224,7х,3,Лонцова_ЕЭ,3csHeV2j
424,Сарсекеева Алёна Никитична,462,11и,4,Сарсекеева_АН,MrqfA7QP
425,Аковецкий Антон Евгеньевич,500,8б,4,Аковецкий_АЕ,XZDfwLck
426,Аратский Станислав Борисович,351,9и,2,Аратский_СБ,MskuGLZS
427,Чужриков Пётр Денисович,200,9в,3,Чужриков_ПД,w0SOuZIF
428,Никитшин Алексей Кириллович,111,11и,3,Никитшин_АК,VHhLheCO
429,Симендяев Василий Алексиевич,45,8д,4,Симендяев_ВА,2RdKxXxF
430,Ошитков Максим Сергеевич,151,10г,4,Ошитков_МС,4Bzqt4sr
431,Юрасов Евгений Романович,338,9и,3,Юрасов_ЕР,Ic41rO5v
432,Головяшин Павел Юриевич,179,7г,5,Головяшин_ПЮ,KhIdyixr
433,Манжурина Екатерина Сергеевна,219,7т,3,Манжурина_ЕС,VTAu6rlY
434,Никурашин Олег Евгеньевич,291,11х,2,Никурашин_ОЕ,U6KRTMqI
435,Бехтерев Федор Вадимович,137,9х,3,Бехтерев_ФВ,YewuwAzB
436,Годлевская Катерина Дмитриевна,403,11г,3,Годлевская_КД,qwZjZisJ
437,Акиярова Алина Эдуардовна,9,11а,4,Акиярова_АЭ,qIsk06QH
438,Милина Алена Петровна,359,8г,3,Милина_АП,OAmwRqA5
439,Воловин Борис Викторович,350,7т,2,Воловин_БВ,imoCdRRz
440,Туморина Ксения Федоровна,133,8б,5,Туморина_КФ,QwMNMqEQ
441,Желейков Вячеслав Яковлевич,199,8г,3,Желейков_ВЯ,gSSSXc03
442,Шишорнина Екатерина Алексеевна,183,8т,3,Шишорнина_ЕА,YuQr9Ssz
443,Юумогулова Виолетта Игоревна,311,10х,3,Юумогулова_ВИ,KQdstFzx
444,Рецков Денис Денисович,85,10д,2,Рецков_ДД,YOuTtTKW
445,Химунина Елизавета Ивановна,392,7д,2,Химунина_ЕИ,jETS2hiE
446,Кобрянов Александр Алексиевич,455,7т,2,Кобрянов_АА,k2zYBrYr
447,Бирылов Тарас Данилович,243,11а,3,Бирылов_ТД,T9cqBcaJ
448,Туфатулин Ярослав Леонидович,485,8х,4,Туфатулин_ЯЛ,KQBcwAS5
449,Долбишев Николай Аркадиевич,292,10б,5,Долбишев_НА,uvo3zHhe
450,Махтумова Алёна Эдуардовна,186,10б,4,Махтумова_АЭ,prfhpnsZ
451,Нарзаркин Алексей Романович,423,10т,2,Нарзаркин_АР,emBJTQ4C
452,Куранина Алена Леонидовна,196,9б,4,Куранина_АЛ,Fucq4knj
453,Ситюков Аркадий Евгеньевич,32,10в,3,Ситюков_АЕ,Hkzu4gN7
454,Мизюрова Алиса Никитична,176,7г,4,Мизюрова_АН,K4if1k1X
455,Пандурова Алиса Дмитриевна,130,9б,2,Пандурова_АД,JFLgzh3z
456,Жилейкин Борис Тимофеевич,91,7в,2,Жилейкин_БТ,ld3NSiUa
457,Корпункова Виолетта Сергеевна,83,11а,3,Корпункова_ВС,7FhVmCuT
458,Пашохонова Анастасия Федоровна,467,9в,4,Пашохонова_АФ,EK4EQnEy
459,Сузальцева Тамара Михайловна,357,8х,4,Сузальцева_ТМ,9V7XUBm4
460,Чиличкина Светлана Яковлевна,5,8в,5,Чиличкина_СЯ,e4uzy5fK
461,Шантыкова Карина Максимовна,198,10д,3,Шантыкова_КМ,ziLFpMcT
462,Недосекин Владислав Яковлевич,457,10а,4,Недосекин_ВЯ,iOmmq6Fn
463,Максимкин Федор Фёдорович,172,10г,2,Максимкин_ФФ,M6kfx7WB
464,Матбиюшина Виктория Игоревна,237,8д,2,Матбиюшина_ВИ,gMTiieZq
465,Шишкунов Герасим Юрьевич,110,8т,4,Шишкунов_ГЮ,Tb6PrcxK
466,Сухинин Георгий Алексиевич,475,10х,4,Сухинин_ГА,PGghVPlv
467,Бисеева Полина Романовна,48,7д,5,Бисеева_ПР,TNJw2He2
468,Жукулов Михаил Денисович,60,11г,3,Жукулов_МД,K4ELm3ml
469,Тоняев Герасим Петрович,378,9т,5,Тоняев_ГП,bgcb5QG9
470,Шушенкова Алёна Олеговна,36,7и,2,Шушенкова_АО,KEsHpZS2
471,Разроев Дмитрий Павлович,59,9а,2,Разроев_ДП,49ufaG27
472,Баззаев Анатолий Данилович,339,9д,2,Баззаев_АД,T8qGtZs4
473,Цекова Алла Олеговна,50,8д,2,Цекова_АО,Nxj97pOz
474,Аборонова Алиса Алексеевна,444,7г,5,Аборонова_АА,r5llFOzp
475,Ягловская Ева Олеговна,181,8в,4,Ягловская_ЕО,SHoQTktz
476,Шароварова Яна Романовна,175,8а,4,Шароварова_ЯР,skEQAc5l
477,Общев Яков Викторович,466,8а,4,Общев_ЯВ,YRJVcZOn
478,Ойзерская Катерина Эдуардовна,120,7х,2,Ойзерская_КЭ,cPC3C8ry
479,Прусский Ярослав Иванович,479,11б,2,Прусский_ЯИ,kNoKSfRo
480,Лабинов Павел Алексеевич,272,7б,5,Лабинов_ПА,RADhvYmX
481,Покровов Эдуард Павлович,312,8б,2,Покровов_ЭП,2C7nVAZU
482,Мачехин Эдуард Данилович,19,7д,3,Мачехин_ЭД,0aNpmaQ5
483,Кодорская Раиса Ивановна,27,11б,3,Кодорская_РИ,gv8OLTVa
484,Кондраева Марина Ивановна,469,9д,3,Кондраева_МИ,TxTBX4l1
485,Бульенков Валентин Иванович,136,10т,4,Бульенков_ВИ,cZx0D8DO
486,Тагакова Вероника Яковлевна,393,8т,4,Тагакова_ВЯ,pd9uZBaw
487,Гершанова Любовь Евгеньевна,383,11т,5,Гершанова_ЛЕ,EfNcCqqa
488,Салина Алена Егоровна,73,11в,5,Салина_АЕ,xMBTS3q4
489,Фрумова Зинаида Аркадьевна,78,8а,4,Фрумова_ЗА,F4zfTqh8
490,Хорняков Борис Борисович,13,8г,2,Хорняков_ББ,Fny8ThO2
491,Гдагазина Лиза Василевна,212,9т,5,Гдагазина_ЛВ,txKFDeIy
492,Агаршев Ярослав Михаилович,276,9т,2,Агаршев_ЯМ,8wH1Q5yb
493,Корюшин Пётр Антонович,326,8х,2,Корюшин_ПА,IxWR8f4g
494,Калаев Пётр Алексиевич,68,8а,3,Калаев_ПА,wSxBe0og
495,Ккаталкина Виолетта Егоровна,53,7б,2,Ккаталкина_ВЕ,QVeSFnCM
496,Рачнов Герасим Алексеевич,103,10а,5,Рачнов_ГА,pdVExo3g
497,Миндубаева Людмила Леонидовна,477,11и,2,Миндубаева_ЛЛ,xiJPiIGP
498,Агафьева Вера Ивановна,352,11х,3,Агафьева_ВИ,EJ0U8g8W
499,Житин Эдуард Адамович,481,9а,5,Житин_ЭА,lFQzuxlO
